,fold,accuracy,precision,recall,f1_score
0,0,0.9655172413793104,0.9655172413793104,0.9655172413793104,0.9655172413793104
1,1,0.9655172413793104,0.9655172413793104,0.9655172413793104,0.9655172413793104
2,2,0.9655172413793104,0.9655172413793104,0.9655172413793104,0.9655172413793104
3,3,0.9655172413793104,0.9655172413793104,0.9655172413793104,0.9655172413793104
4,4,0.9655172413793104,0.9655172413793104,0.9655172413793104,0.9655172413793104
